{"cameraMode":{"drawMode":0,"name":"Shaded","section":"Shading Mode"},"sceneLighting":true,"audioPlay":false,"sceneViewState":{"showFog":true,"showMaterialUpdate":true,"showSkybox":true,"showFlares":true,"showImageEffects":true,"showParticleSystems":true},"in2DMode":false,"pivot":{"x":98.05000305175781,"y":-0.4864006042480469,"z":123.48631286621094},"rotation":{"x":-0.23061560094356538,"y":0.18198777735233308,"z":-0.0440593883395195,"w":-0.9548590183258057},"size":49.71874237060547,"orthographic":true}