{"cameraMode":{"drawMode":0,"name":"Shaded","section":"Shading Mode"},"sceneLighting":false,"audioPlay":false,"sceneViewState":{"showFog":true,"showMaterialUpdate":true,"showSkybox":true,"showFlares":true,"showImageEffects":true,"showParticleSystems":true},"in2DMode":false,"pivot":{"x":254.0500030517578,"y":-0.5138843059539795,"z":250.00001525878907},"rotation":{"x":-0.7309107780456543,"y":-0.06757572293281555,"z":0.07300301641225815,"w":-0.6751841306686401},"size":16.13260269165039,"orthographic":true}